{
  "country_code": "AU",
  "country_name": "Australia",
  "total_regions": 8,
  "regions": [
    {
      "code": "NSW",
      "name": "New South Wales",
      "display_name": "New South Wales",
      "country_code": "AU",
      "country_name": "Australia",
      "region_type": "state",
      "iso_3166_2_code": "AU-NSW",
      "capital": "Sydney",
      "abbreviation": "NSW",
      "bbox_north": 0.0,
      "bbox_south": 0.0,
      "bbox_east": 0.0,
      "bbox_west": 0.0,
      "center_lat": 0.0,
      "center_lon": 0.0
    },
    {
      "code": "VIC",
      "name": "Victoria",
      "display_name": "Victoria",
      "country_code": "AU",
      "country_name": "Australia",
      "region_type": "state",
      "iso_3166_2_code": "AU-VIC",
      "capital": "Melbourne",
      "abbreviation": "VIC",
      "bbox_north": 0.0,
      "bbox_south": 0.0,
      "bbox_east": 0.0,
      "bbox_west": 0.0,
      "center_lat": 0.0,
      "center_lon": 0.0
    },
    {
      "code": "QLD",
      "name": "Queensland",
      "display_name": "Queensland",
      "country_code": "AU",
      "country_name": "Australia",
      "region_type": "state",
      "iso_3166_2_code": "AU-QLD",
      "capital": "Brisbane",
      "abbreviation": "QLD",
      "bbox_north": 0.0,
      "bbox_south": 0.0,
      "bbox_east": 0.0,
      "bbox_west": 0.0,
      "center_lat": 0.0,
      "center_lon": 0.0
    },
    {
      "code": "WA",
      "name": "Western Australia",
      "display_name": "Western Australia",
      "country_code": "AU",
      "country_name": "Australia",
      "region_type": "state",
      "iso_3166_2_code": "AU-WA",
      "capital": "Perth",
      "abbreviation": "WA",
      "bbox_north": 0.0,
      "bbox_south": 0.0,
      "bbox_east": 0.0,
      "bbox_west": 0.0,
      "center_lat": 0.0,
      "center_lon": 0.0
    },
    {
      "code": "SA",
      "name": "South Australia",
      "display_name": "South Australia",
      "country_code": "AU",
      "country_name": "Australia",
      "region_type": "state",
      "iso_3166_2_code": "AU-SA",
      "capital": "Adelaide",
      "abbreviation": "SA",
      "bbox_north": 0.0,
      "bbox_south": 0.0,
      "bbox_east": 0.0,
      "bbox_west": 0.0,
      "center_lat": 0.0,
      "center_lon": 0.0
    },
    {
      "code": "TAS",
      "name": "Tasmania",
      "display_name": "Tasmania",
      "country_code": "AU",
      "country_name": "Australia",
      "region_type": "state",
      "iso_3166_2_code": "AU-TAS",
      "capital": "Hobart",
      "abbreviation": "TAS",
      "bbox_north": 0.0,
      "bbox_south": 0.0,
      "bbox_east": 0.0,
      "bbox_west": 0.0,
      "center_lat": 0.0,
      "center_lon": 0.0
    },
    {
      "code": "ACT",
      "name": "Australian Capital Territory",
      "display_name": "Australian Capital Territory",
      "country_code": "AU",
      "country_name": "Australia",
      "region_type": "territory",
      "iso_3166_2_code": "AU-ACT",
      "capital": "Canberra",
      "abbreviation": "ACT",
      "bbox_north": 0.0,
      "bbox_south": 0.0,
      "bbox_east": 0.0,
      "bbox_west": 0.0,
      "center_lat": 0.0,
      "center_lon": 0.0
    },
    {
      "code": "NT",
      "name": "Northern Territory",
      "display_name": "Northern Territory",
      "country_code": "AU",
      "country_name": "Australia",
      "region_type": "territory",
      "iso_3166_2_code": "AU-NT",
      "capital": "Darwin",
      "abbreviation": "NT",
      "bbox_north": 0.0,
      "bbox_south": 0.0,
      "bbox_east": 0.0,
      "bbox_west": 0.0,
      "center_lat": 0.0,
      "center_lon": 0.0
    }
  ],
  "generated_at": "2026-01-30T00:00:00Z",
  "data_source": "Natural Earth Admin 1",
  "license": "Public Domain"
}
